{
  "name": "tetratrue",
  "SIZE": 60,
  "RAW_SIZE": 120,
  "isWall": true,
  "centerOffset": [
    0,
    0,
    0
  ],
  "stlScale": 0.009837308203948509,
  "coords": [
    [
      0.05773502691896258,
      -0.5773502691896257,
      -0.05773502691896258
    ],
    [
      0.17320508075688776,
      -0.5773502691896257,
      -0.17320508075688776
    ],
    [
      0.2886751345948129,
      -0.5773502691896257,
      -0.2886751345948129
    ],
    [
      0.4041451884327381,
      -0.5773502691896257,
      -0.4041451884327381
    ],
    [
      0.5196152422706632,
      -0.5773502691896257,
      -0.5196152422706632
    ],
    [
      0.5773502691896257,
      -0.5196152422706631,
      -0.5196152422706631
    ],
    [
      0.5773502691896257,
      -0.40414518843273795,
      -0.40414518843273795
    ],
    [
      0.5773502691896257,
      -0.2886751345948128,
      -0.2886751345948128
    ],
    [
      0.5773502691896257,
      -0.17320508075688762,
      -0.17320508075688762
    ],
    [
      0.5773502691896257,
      -0.057735026918962484,
      -0.057735026918962484
    ],
    [
      0.5773502691896257,
      0.05773502691896279,
      0.05773502691896279
    ],
    [
      0.5773502691896257,
      0.17320508075688798,
      0.17320508075688798
    ],
    [
      0.5773502691896257,
      0.28867513459481314,
      0.28867513459481314
    ],
    [
      0.5773502691896257,
      0.40414518843273833,
      0.40414518843273833
    ],
    [
      0.5773502691896257,
      0.5196152422706635,
      0.5196152422706635
    ],
    [
      0.5196152422706631,
      0.5196152422706631,
      0.5773502691896257
    ],
    [
      0.40414518843273795,
      0.40414518843273795,
      0.5773502691896257
    ],
    [
      0.2886751345948128,
      0.2886751345948128,
      0.5773502691896257
    ],
    [
      0.17320508075688762,
      0.17320508075688762,
      0.5773502691896257
    ],
    [
      0.057735026918962484,
      0.057735026918962484,
      0.5773502691896257
    ],
    [
      -0.05773502691896279,
      -0.05773502691896279,
      0.5773502691896257
    ],
    [
      -0.17320508075688798,
      -0.17320508075688798,
      0.5773502691896257
    ],
    [
      -0.28867513459481314,
      -0.28867513459481314,
      0.5773502691896257
    ],
    [
      -0.40414518843273833,
      -0.40414518843273833,
      0.5773502691896257
    ],
    [
      -0.5196152422706635,
      -0.5196152422706635,
      0.5773502691896257
    ],
    [
      -0.5773502691896257,
      -0.5196152422706631,
      0.5196152422706631
    ],
    [
      -0.5773502691896257,
      -0.40414518843273795,
      0.40414518843273795
    ],
    [
      -0.5773502691896257,
      -0.2886751345948128,
      0.2886751345948128
    ],
    [
      -0.5773502691896257,
      -0.17320508075688762,
      0.17320508075688762
    ],
    [
      -0.5773502691896257,
      -0.057735026918962484,
      0.057735026918962484
    ],
    [
      -0.5773502691896257,
      0.05773502691896279,
      -0.05773502691896279
    ],
    [
      -0.5773502691896257,
      0.17320508075688798,
      -0.17320508075688798
    ],
    [
      -0.5773502691896257,
      0.28867513459481314,
      -0.28867513459481314
    ],
    [
      -0.5773502691896257,
      0.40414518843273833,
      -0.40414518843273833
    ],
    [
      -0.5773502691896257,
      0.5196152422706635,
      -0.5196152422706635
    ],
    [
      -0.5196152422706631,
      0.5196152422706631,
      -0.5773502691896257
    ],
    [
      -0.40414518843273795,
      0.40414518843273795,
      -0.5773502691896257
    ],
    [
      -0.2886751345948128,
      0.2886751345948128,
      -0.5773502691896257
    ],
    [
      -0.17320508075688762,
      0.17320508075688762,
      -0.5773502691896257
    ],
    [
      -0.057735026918962484,
      0.057735026918962484,
      -0.5773502691896257
    ],
    [
      0.05773502691896279,
      -0.05773502691896279,
      -0.5773502691896257
    ],
    [
      0.17320508075688798,
      -0.17320508075688798,
      -0.5773502691896257
    ],
    [
      0.28867513459481314,
      -0.28867513459481314,
      -0.5773502691896257
    ],
    [
      0.40414518843273833,
      -0.40414518843273833,
      -0.5773502691896257
    ],
    [
      0.5196152422706635,
      -0.5196152422706635,
      -0.5773502691896257
    ],
    [
      -0.05773502691896279,
      -0.5773502691896257,
      0.05773502691896279
    ],
    [
      -0.17320508075688798,
      -0.5773502691896257,
      0.17320508075688798
    ],
    [
      -0.28867513459481314,
      -0.5773502691896257,
      0.28867513459481314
    ],
    [
      -0.40414518843273833,
      -0.5773502691896257,
      0.40414518843273833
    ],
    [
      -0.5196152422706635,
      -0.5773502691896257,
      0.5196152422706635
    ],
    [
      0.5196152422706631,
      0.5773502691896257,
      0.5196152422706631
    ],
    [
      0.40414518843273795,
      0.5773502691896257,
      0.40414518843273795
    ],
    [
      0.2886751345948128,
      0.5773502691896257,
      0.2886751345948128
    ],
    [
      0.17320508075688762,
      0.5773502691896257,
      0.17320508075688762
    ],
    [
      0.057735026918962484,
      0.5773502691896257,
      0.057735026918962484
    ],
    [
      -0.05773502691896279,
      0.5773502691896257,
      -0.05773502691896279
    ],
    [
      -0.17320508075688798,
      0.5773502691896257,
      -0.17320508075688798
    ],
    [
      -0.28867513459481314,
      0.5773502691896257,
      -0.28867513459481314
    ],
    [
      -0.40414518843273833,
      0.5773502691896257,
      -0.40414518843273833
    ],
    [
      -0.5196152422706635,
      0.5773502691896257,
      -0.5196152422706635
    ]
  ],
  "uniqueToDupe": [
    0,
    1,
    2,
    3,
    4,
    5,
    6,
    7,
    8,
    9,
    10,
    11,
    12,
    13,
    14,
    15,
    16,
    17,
    18,
    19,
    20,
    21,
    22,
    23,
    24,
    25,
    26,
    27,
    28,
    29,
    30,
    31,
    32,
    33,
    34,
    35,
    36,
    37,
    38,
    39,
    40,
    41,
    42,
    43,
    44,
    4,
    3,
    2,
    1,
    0,
    45,
    46,
    47,
    48,
    49,
    24,
    23,
    22,
    21,
    20,
    19,
    18,
    17,
    16,
    15,
    50,
    51,
    52,
    53,
    54,
    55,
    56,
    57,
    58,
    59,
    35,
    36,
    37,
    38,
    39,
    40,
    41,
    42,
    43,
    44,
    5,
    6,
    7,
    8,
    9,
    10,
    11,
    12,
    13,
    14,
    50,
    51,
    52,
    53,
    54,
    55,
    56,
    57,
    58,
    59,
    34,
    33,
    32,
    31,
    30,
    29,
    28,
    27,
    26,
    25,
    49,
    48,
    47,
    46,
    45
  ],