{
  "name": "sierp",
  "SIZE": 96,
  "RAW_SIZE": 108,
  "isWall": true,
  "coords": [
    [
      6.294372906377363e-17,
      -0.6546536707079771,
      0
    ],
    [
      0.09449111825230687,
      -0.6546536707079771,
      0
    ],
    [
      0.18898223650461368,
      -0.6546536707079769,
      0
    ],
    [
      0.28347335475692037,
      -0.6546536707079769,
      0
    ],
    [
      0.3779644730092272,
      -0.6546536707079768,
      0
    ],
    [
      0.42521003213538056,
      -0.5728219618694795,
      0
    ],
    [
      0.4724555912615339,
      -0.4909902530309824,
      0
    ],
    [
      0.5197011503876874,
      -0.4091585441924853,
      0
    ],
    [
      0.5669467095138406,
      -0.3273268353539884,
      0
    ],
    [
      0.5197011503876872,
      -0.2454951265154913,
      0
    ],
    [
      0.47245559126153375,
      -0.16366341767699422,
      0
    ],
    [
      0.4252100321353803,
      -0.08183170883849711,
      0
    ],
    [
      0.37796447300922675,
      1.2588745812754726e-16,
      0
    ],
    [
      0.2834733547569199,
      1.0490621510628938e-16,
      0
    ],
    [
      0.18898223650461313,
      8.39249720850315e-17,
      0
    ],
    [
      0.0944911182523064,
      6.294372906377363e-17,
      0
    ],
    [
      -3.8815299589327075e-16,
      4.1962486042515756e-17,
      0
    ],
    [
      -0.047245559126153844,
      0.08183170883849714,
      0
    ],
    [
      -0.0944911182523073,
      0.16366341767699424,
      0
    ],
    [
      -0.1417366773784607,
      0.2454951265154913,
      0
    ],
    [
      -0.18898223650461426,
      0.32732683535398854,
      0
    ],
    [
      -0.1417366773784609,
      0.4091585441924857,
      0
    ],
    [
      -0.09449111825230756,
      0.49099025303098287,
      0
    ],
    [
      -0.04724555912615424,
      0.57282196186948,
      0
    ],
    [
      -9.231746929353464e-16,
      0.6546536707079771,
      0
    ],
    [
      0.047245559126152546,
      0.57282196186948,
      0
    ],
    [
      0.09449111825230602,
      0.49099025303098287,
      0
    ],
    [
      0.14173667737845946,
      0.4091585441924859,
      0
    ],
    [
      0.18898223650461296,
      0.3273268353539887,
      0
    ],
    [
      0.14173667737845963,
      0.24549512651549155,
      0
    ],
    [
      0.09449111825230626,
      0.16366341767699435,
      0
    ],
    [
      0.04724555912615295,
      0.0818317088384972,
      0
    ],
    [
      -0.0944911182523072,
      1.049062151062893e-17,
      0
    ],
    [
      -0.18898223650461402,
      -2.0981243021257897e-17,
      0
    ],
    [
      -0.28347335475692076,
      -5.2453107553144686e-17,
      0
    ],
    [
      -0.37796447300922753,
      -8.392497208503151e-17,
      0
    ],
    [
      -0.42521003213538094,
      -0.08183170883849722,
      0
    ],
    [
      -0.47245559126153436,
      -0.16366341767699435,
      0
    ],
    [
      -0.5197011503876877,
      -0.24549512651549144,
      0
    ],
    [
      -0.5669467095138412,
      -0.3273268353539886,
      0
    ],
    [
      -0.5197011503876877,
      -0.40915854419248565,
      0
    ],
    [
      -0.4724555912615342,
      -0.49099025303098276,
      0
    ],
    [
      -0.4252100321353808,
      -0.5728219618694799,
      0
    ],
    [
      -0.37796447300922714,
      -0.6546536707079771,
      0
    ],
    [
      -0.28347335475692037,
      -0.6546536707079771,
      0
    ],
    [
      -0.18898223650461354,
      -0.6546536707079771,
      0
    ],
    [
      -0.09449111825230679,
      -0.6546536707079771,
      0
    ],
    [
      0.04724555912615341,
      -0.5728219618694799,
      0
    ],
    [
      0.09449111825230674,
      -0.49099025303098276,
      0
    ],
    [
      0.14173667737846007,
      -0.40915854419248565,
      0
    ],
    [
      0.18898223650461343,
      -0.32732683535398843,
      0
    ],
    [
      0.28347335475692026,
      -0.32732683535398843,
      0
    ],
    [
      0.37796447300922703,
      -0.32732683535398843,
      0
    ],
    [
      0.47245559126153375,
      -0.3273268353539884,
      0
    ],
    [
      0.6141922686399941,
      -0.40915854419248543,
      0
    ],
    [
      0.6614378277661476,
      -0.49099025303098254,
      0
    ],
    [
      0.708683386892301,
      -0.5728219618694796,
      0
    ],
    [
      0.7559289460184546,
      -0.6546536707079768,
      0
    ],
    [
      0.6614378277661478,
      -0.6546536707079768,
      0
    ],
    [
      0.566946709513841,
      -0.6546536707079768,
      0
    ],
    [
      0.47245559126153425,
      -0.6546536707079768,
      0
    ],
    [
      0.33071891388307373,
      -0.5728219618694796,
      0
    ],
    [
      0.28347335475692026,
      -0.49099025303098254,
      0
    ],
    [
      0.23622779563076685,
      -0.40915854419248543,
      0
    ],
    [
      0.2362277956307668,
      -0.2454951265154913,
      0
    ],
    [
      0.28347335475692015,
      -0.16366341767699413,
      0
    ],
    [
      0.33071891388307345,
      -0.08183170883849697,
      0
    ],
    [
      0.3307189138830733,
      0.08183170883849723,
      0
    ],
    [
      0.2834733547569199,
      0.16366341767699433,
      0
    ],
    [
      0.23622779563076649,
      0.2454951265154914,
      0
    ],
    [
      0.09449111825230615,
      0.32732683535398865,
      0
    ],
    [
      -6.522560269672795e-16,
      0.32732683535398865,
      0
    ],
    [
      -0.09449111825230742,
      0.3273268353539886,
      0
    ],
    [
      -0.2362277956307676,
      0.24549512651549138,
      0
    ],
    [
      -0.2834733547569209,
      0.1636634176769942,
      0
    ],
    [
      -0.33071891388307423,
      0.08183170883849702,
      0
    ],
    [
      -0.33071891388307406,
      -0.0818317088384972,
      0
    ],
    [
      -0.28347335475692065,
      -0.16366341767699433,
      0
    ],
    [
      -0.23622779563076718,
      -0.2454951265154914,
      0
    ],
    [
      -0.18898223650461374,
      -0.32732683535398854,
      0
    ],
    [
      -0.23622779563076712,
      -0.4091585441924857,
      0
    ],
    [
      -0.2834733547569205,
      -0.49099025303098287,
      0
    ],
    [
      -0.33071891388307384,
      -0.57282196186948,
      0
    ],
    [
      -0.4724555912615339,
      -0.6546536707079771,
      0
    ],
    [
      -0.5669467095138407,
      -0.6546536707079771,
      0
    ],
    [
      -0.6614378277661475,
      -0.6546536707079771,
      0
    ],
    [
      -0.7559289460184546,
      -0.6546536707079771,
      0
    ],
    [
      -0.7086833868923013,
      -0.57282196186948,
      0
    ],
    [
      -0.6614378277661479,
      -0.4909902530309828,
      0
    ],
    [
      -0.6141922686399945,
      -0.40915854419248565,
      0
    ],
    [
      -0.47245559126153436,
      -0.3273268353539886,
      0
    ],
    [
      -0.37796447300922753,
      -0.32732683535398854,
      0
    ],
    [
      -0.2834733547569208,
      -0.32732683535398854,
      0
    ],
    [
      -0.1417366773784603,
      -0.40915854419248565,
      0
    ],
    [
      -0.09449111825230688,
      -0.49099025303098276,
      0
    ],
    [
      -0.04724555912615345,
      -0.5728219618694799,
      0
    ]
  ],